ID,民族,地理_人口数量,地理_人口排名,地理_主要分布地区1,地理_地形结构1,地理_微生态区1,地理_气候带特征1,地理_主要分布地区2,地理_地形结构2,地理_微生态区2,地理_气候带特征2,地理_主要分布地区3,地理_地形结构3,地理_微生态区3,语言_语系1,语言_语系2,语言_语族1,语言_语族2,语言_语支1,语言_语支2,语言_单一书写系统,语言_支系1,语言_地区1,语言_语言1,语言_支系2,语言_地区2,语言_语言2,语言_支系3,语言_地区3,语言_语言3,语言_支系4,语言_地区4,语言_语言4,语言_支系5,语言_地区5,语言_语言5,饮食_地理区位1,饮食_地理区位2,饮食_地理区位3,饮食_主食1,饮食_主食2,饮食_主食3,饮食_肉类1,饮食_肉类2,饮食_肉类3,饮食_肉类4,饮食_蔬菜1,饮食_蔬菜2,饮食_蔬菜3,饮食_酒水1,饮食_酒水2,饮食_酒水3,饮食_风味类型,饮食_辣度指标(0-5),饮食_酸度指标(0-5),饮食_特色菜肴1,饮食_特色菜肴2,饮食_特色菜肴3,饮食_特色菜肴4,饮食_特色菜肴5,饮食_禁忌1,饮食_来源1,饮食_禁忌2,饮食_来源2,建筑_地区1,建筑_典型民居1,建筑_建筑结构1,建筑_结构功能1,建筑_主要建筑材质1,建筑_物质属性1,建筑_精神属性1,建筑_地区2,建筑_典型民居2,建筑_建筑结构2,建筑_结构功能2,建筑_主要建筑材质2,建筑_物质属性2,建筑_精神属性2,建筑_地区3,建筑_典型民居3,建筑_建筑结构3,建筑_结构功能3,建筑_主要建筑材质3,建筑_物质属性3,建筑_精神属性3,建筑_地区4,建筑_典型民居4,建筑_建筑结构4,建筑_结构功能4,建筑_主要建筑材质4,建筑_物质属性4,建筑_精神属性4,建筑_地区5,建筑_典型民居5,建筑_建筑结构5,建筑_结构功能5,建筑_主要建筑材质5,建筑_物质属性5,建筑_精神属性5,乐器_主要地区1.1,乐器_主要地区1.2,乐器_主要乐器1,乐器_乐器发声分类1,乐器_主要材质1.1,乐器_主要材质1.2,乐器_主要材质1.3,乐器_主要使用场景1,乐器_主要地区2.1,乐器_主要地区2.2,乐器_主要乐器2,乐器_乐器发声分类2,乐器_主要材质2.1,乐器_主要材质2.2,乐器_主要使用场景2,乐器_主要地区3.1,乐器_主要地区3.2,乐器_主要乐器3,乐器_乐器发声分类3,乐器_主要材质3.1,乐器_主要材质3.2,乐器_主要使用场景3,乐器_主要地区4.1,乐器_主要地区4.2,乐器_主要乐器4,乐器_乐器发声分类4,乐器_主要材质4.1,乐器_主要材质4.2,乐器_主要使用场景4,乐器_主要地区5.1,乐器_主要地区5.2,乐器_主要乐器5,乐器_乐器发声分类5,乐器_主要材质5.1,乐器_主要材质5.2,乐器_主要使用场景5,乐器_主要地区6.1,乐器_主要乐器6,乐器_乐器发声分类6,乐器_主要材质6.1,乐器_主要使用场景6,乐器_主要地区7.1,乐器_主要乐器7,乐器_乐器发声分类7,乐器_主要材质7.1,乐器_主要材质7.2,乐器_主要使用场景7
CN-HAN-01,汉族,1286311334,1,全国分布,平原,黄淮海平原,温带,,丘陵,长江中下游平原,亚热带,,盆地,四川盆地,汉藏语系,,汉语族,,,,汉字,北方汉人,北方地区,北方官话,吴越民系,江浙地区,吴语,广府民系,两广地区,粤语,客家民系,两广地区,客家话,闽海民系,福建地区,闽语,全国分布,,,稻米,小麦,杂粮,猪肉,鸡鸭,鱼类,,各类蔬菜全覆盖,,,白酒,黄酒,绿茶/红茶/乌龙茶,地域复合型,4,4,麻婆豆腐,葱烧海参,白切鸡,狮子头,剁椒鱼头,长幼尊卑餐桌动筷顺序,儒家礼教,无绝对食材禁忌,世俗礼仪,华北平原,四合院,砖木结构,防寒保暖,青砖,神龛,道教,黄土高原,窑洞,生土拱券结构,冬暖夏凉,黄土,炕神,道教,江南水乡,徽派,穿斗式木构,通风散热,木材,天井,道教,闽粤丘陵,客家土楼,生土厚墙结构,防御聚居,生土,祠堂,道教,岭南地区,镬耳屋,砖木结构,防风防火,青砖,神龛,道教,长江三角洲及太湖平原,,古琴,弹拨乐,木材,丝弦,,宫廷雅乐,长江三角洲及太湖平原,,琵琶,弹拨乐,木材,丝弦,民间节庆聚会,全国通用,,汉族传统二胡,拉弦乐,木材,,戏曲说唱伴奏,全国通用,,汉族江南竹笛,打击乐,木材,,婚丧嫁娶,中原地区,,编钟,打击乐,金属铜,,宫廷雅乐,全国通用,汉族大唢呐,弹拨乐,木材,宫廷雅乐,长江中下游,扬琴,拉弦乐,木材,丝弦,宫廷雅乐
CN-MGL-02,蒙古族,6290204,10,内蒙古自治区,内蒙古高原,呼伦贝尔草原,温带大陆性气候,新疆维吾尔自治区,戈壁,锡林郭勒草原,高寒气候,辽宁省,高山草甸,科尔沁沙地,阿尔泰语系,,蒙古语族,,,,传统蒙古文,察哈尔部,内蒙古中部,蒙古语察哈尔方言,卫拉特部,新疆地区,卫拉特方言,巴尔虎部,呼伦贝尔,巴尔虎方言,,,,,,,内蒙古自治区,新疆维吾尔自治区,辽宁省,炒米,馓子,馕,羊肉,牛肉,马肉,骆驼肉,野葱,沙葱,根茎类极少,马奶酒,咸奶茶,砖茶,原味/高脂型,0,0,手把肉,烤全羊,奶疙瘩,炒米,,绝对禁食猪肉、自死物、血液,伊斯兰教清真教规,屠宰必须诵经,伊斯兰教清真教规,内蒙古草原,蒙古包,木骨架穹庐,防风雪易拆装,羊毛毡,火塘,藏传佛教,东北农区,海青房,土木结构,定居保暖,泥土,神龛,藏传佛教,,,,,,,,,,,,,,,,,,,,,,内蒙古草原,,马头琴,拉弦乐,木材,兽皮,马尾,民间节庆聚会,内蒙古草原,,冬不拉,弹拨乐,木材,丝弦,民间节庆聚会,内蒙古自治区,,库姆孜,弹拨乐,木材,丝弦,戏曲说唱伴奏,内蒙古草原,,托布秀尔,弹拨乐,木材,丝弦,民间节庆聚会,,,,,,,,,,,,,,,,,,
CN-HUI-03,回族,11377914,4,宁夏回族自治区,黄土高原,黄河上游干旱半干旱区,温带大陆性气候,甘肃省,河西走廊绿洲,六盘山区,温带季风气候,青海省,平原,,汉藏语系,,汉语族,,,,汉字,西北回民,西北地区,西北官话,中原回民,中原地区,中原官话,云南回民,云南地区,西南官话,,,,,,,宁夏回族自治区,甘肃省,青海省,小麦,大米,,羊肉,牛肉,鸡肉,,洋葱(皮牙子),胡萝卜,番茄,茯茶,砖茶,酸奶(多格),辛香/咸鲜型,2,0,抓饭,手抓羊肉,油香,馓子,粉汤,绝对禁食猪肉、自死物、血液,伊斯兰教清真教规,屠宰必须诵经,伊斯兰教清真教规,西北干旱区,四合院,土木结构,封闭防沙,青砖,礼拜空间,伊斯兰教,宁夏山区,庄窠,夯土结构,防御聚居,夯土,礼拜空间,伊斯兰教,,,,,,,,,,,,,,,,,,,,,,宁夏,,竹笛,管乐,竹材,木材,,民间节庆聚会,宁夏,,唢呐,管乐,金属铜,,婚丧嫁娶,宁夏,,三弦,弹拨乐,木材,丝弦,民间节庆聚会,宁夏,,锣鼓,打击乐,金属铜,,民间节庆聚会,,,,,,,,,,,,,,,,,,
CN-ZAN-04,藏族,7060731,9,西藏自治区,青藏高原,雅鲁藏布江谷地,高原高寒气候,四川省,喜马拉雅山脉,三江源高寒草甸,垂直立体气候,青海省,横断山脉,川西高山峡谷,汉藏语系,,藏缅语族,,藏语支,,藏文,卫藏人,西藏拉萨,卫藏方言,康巴人,四川甘孜,康方言,安多人,青海地区,安多方言,,,,,,,西藏自治区,四川省,青海省,青稞,小麦,荞麦,牦牛肉,藏系绵羊肉,,,圆根,萝卜,极少绿叶菜,酥油茶,甜茶,青稞酒,辛香/咸鲜型,2,0,酥油茶,风干牦牛肉,糌粑,血肠,青稞酒,忌食马/驴/骡等奇蹄类及狗肉,藏传佛教/不杀生理念,部分水葬区忌食鱼蛙,地方水葬丧葬习俗,卫藏谷地,藏式碉房,石木平顶结构,御寒防震,花岗岩,经堂,藏传佛教,康巴林区,崩空,井干式木构,防震保暖,圆木,经堂,藏传佛教,羌塘草原,黑帐篷,牦牛毛编织,防风御寒,牦牛绒,火塘,藏传佛教,,,,,,,,,,,,,,,卫藏地区,,扎木聂,弹拨乐,木材,丝弦,,祭祀仪典,青藏高原,寺院,筒钦,管乐,金属铜,,民间节庆聚会,卫藏地区,,达玛如,打击乐,木材,兽皮,民间节庆聚会,青藏高原,寺院,冈洞,管乐,动物骨角,树皮,祭祀仪典,,,,,,,,,,,,,,,,,,
CN-WEW-05,维吾尔族,11774538,3,新疆维吾尔自治区,盆地边缘绿洲,塔里木盆地绿洲,温带极端干旱气候,,,吐鲁番盆地,,,,伊犁河谷,阿尔泰语系,,突厥语族,,葛逻禄语支,,老维吾尔文,中心维吾尔人,喀什地区,中心方言,和田维吾尔人,和田地区,和田方言,罗布人,罗布泊地区,罗布方言,,,,,,,新疆维吾尔自治区,,,小麦,大米,,羊肉,牛肉,鸡肉,,洋葱(皮牙子),胡萝卜,番茄,茯茶,砖茶,酸奶(多格),辛香/咸鲜型,2,0,抓饭,大盘鸡,烤肉串,馕,烤包子,绝对禁食猪肉、自死物、血液,伊斯兰教清真教规,屠宰必须诵经,伊斯兰教清真教规,塔里木盆地,阿以旺,生土平顶结构,防沙采光,生土,内庭,伊斯兰教,喀什噶尔,高台民居,生土密集结构,防震散热,夯土,庭院,伊斯兰教,吐鲁番盆地,晾房,花砖生土结构,通风干燥,生土,火墙,伊斯兰教,,,,,,,,,,,,,,,南疆绿洲,喀什,热瓦普,弹拨乐,木材,丝弦,,民间节庆聚会,吐鲁番,哈密盆地,弹布尔,弹拨乐,木材,丝弦,民间节庆聚会,吐鲁番,哈密盆地,都塔尔,弹拨乐,木材,丝弦,民间节庆聚会,南疆绿洲,喀什,达卜,弹拨乐,木材,兽皮,民间节庆聚会,新疆绿洲,,鹰笛,弹拨乐,动物骨角,树皮,民间节庆聚会,,,,,,,,,,,
CN-MIA-06,苗族,11067929,5,贵州省,云贵高原,黔东南苗岭,亚热带季风气候,湖南省,武陵山区,武陵山区,,云南省,,湘西山地,汉藏语系,,苗瑶语族,,苗语支,,老苗文,红苗,湘西地区,湘西方言,黑苗,黔东南地区,黔东方言,白苗,川黔滇交界,川黔滇方言,,,,,,,贵州省,湖南省,云南省,水稻,玉米,薯类,猪肉(腊肉为主),鸡鸭,稻田鱼,,辣椒,萝卜,青菜,甜米酒(拦门酒),三道茶(白族),杆杆酒,重酸重辣型,5,5,酸汤鱼,五色糯米饭,腌鱼,鼓藏肉,,祭祀肉类需按血缘宗法分配,宗法血缘制度,特定自然物禁忌,自然神信仰,武陵山区,吊脚楼,穿斗式木构架,防潮避虫,杉木,神柱,自然崇拜,,,,,,,,,,,,,,,,,,,,,,,,,,,,,西南山区,,踩堂芦笙,管乐,木材,,,民间节庆聚会,西南山区,,葫芦笙,管乐,竹材,木材,民间节庆聚会,西南山区,,口弦,打击乐,竹材,铜簧,青年传情达意,西南山区,,月琴,弹拨乐,木材,丝弦,祭祀仪典,黔东南,湘西山区,芒筒,管乐,金属铜,,民间节庆聚会,,,,,,,,,,,
CN-YI-07,彝族,9830327,7,云南省,横断山区,大小凉山,亚热带高原季风气候,四川省,大小凉山,乌蒙山区,,贵州省,,红河干热河谷,汉藏语系,,藏缅语族,,彝语支,,老彝文,诺苏人,四川凉山,北部方言,纳苏人,云南东北,东部方言,聂苏人,云南楚雄,中部方言,,,,,,,云南省,四川省,贵州省,水稻,玉米,薯类,猪肉(腊肉为主),鸡鸭,稻田鱼,,辣椒,萝卜,青菜,甜米酒(拦门酒),三道茶(白族),杆杆酒,重酸重辣型,5,5,坨坨肉,辣子鸡,杆杆酒,苦荞粑粑,冻肉,祭祀肉类需按血缘宗法分配,宗法血缘制度,特定自然物禁忌,自然神信仰,哀牢山区,土掌房,生土平顶结构,隔热防风,夯土,火塘,自然崇拜,大小凉山,瓦房,木构架,底层圈畜,木材,神柱,自然崇拜,,,,,,,,,,,,,,,,,,,,,,西南横断山区,,芦笙,管乐,竹材,木材,,民间节庆聚会,滇南,凉山,葫芦笙,管乐,竹材,木材,民间节庆聚会,西南横断山区,,彝族多簧口弦,管乐,木材,,青年传情达意,西南横断山区,,彝族月琴,拉弦乐,木材,,祭祀仪典,西南横断山区,,芒筒,管乐,金属铜,,民间节庆聚会,,,,,,,,,,,
CN-ZHU-08,壮族,19568546,2,广西壮族自治区,岭南丘陵,右江河谷,亚热带,云南省,喀斯特盆地,左江流域,热带季风气候,广东省,,红水河溶岩区,汉藏语系,,壮侗语族,,壮傣语支,,方块壮字,布壮,广西红水河以北,壮语北部方言,布土,广西红水河以南,壮语南部方言,,,,,,,,,,广西壮族自治区,云南省,广东省,水稻,玉米,薯类,猪肉(腊肉为主),鸡鸭,稻田鱼,,辣椒,萝卜,青菜,甜米酒(拦门酒),三道茶(白族),杆杆酒,重酸重辣型,5,5,五色糯米饭,宁明柠檬鸭,猪血肠,白切狗肉,,祭祀肉类需按血缘宗法分配,宗法血缘制度,特定自然物禁忌,自然神信仰,右江流域,麻栏,干栏式木构,防潮散热,竹材,神龛,自然崇拜,,,,,,,,,,,,,,,,,,,,,,,,,,,,,右江,红水河流域,铜鼓,打击乐,金属铜,,,祭祀仪典,岭南,黔南地区,葫芦丝,管乐,竹材,木材,祭祀仪典,岭南,黔南地区,象脚鼓,打击乐,竹材,木材,民间节庆聚会,岭南,黔南地区,木鼓,打击乐,竹材,木材,祭祀仪典,,,,,,,,,,,,,,,,,,
CN-BUY-09,布依族,3576752,11,贵州省,云贵高原东南部,黔南,亚热带季风气候,,丘陵,黔西南喀斯特河谷地带,,,,,汉藏语系,,壮侗语族,,壮傣语支,,布依文,布依本支,贵州黔南,第一土语,布依西支,贵州黔西南,第二土语,,,,,,,,,,贵州省,,,水稻,玉米,薯类,猪肉(腊肉为主),鸡鸭,稻田鱼,,辣椒,萝卜,青菜,甜米酒(拦门酒),三道茶(白族),杆杆酒,重酸重辣型,5,5,酸汤鱼,腊肉,五色糯米饭,坨坨肉,剁生,祭祀肉类需按血缘宗法分配,宗法血缘制度,特定自然物禁忌,自然神信仰,黔西南喀斯特,石板房,石构干栏,挡雨防风,石块,神龛,自然崇拜,黔南河谷,吊脚楼,木构干栏,防潮避兽,木材,神龛,自然崇拜,,,,,,,,,,,,,,,,,,,,,,右江,红水河流域,铜鼓,打击乐,金属铜,,,祭祀仪典,岭南,黔南地区,葫芦丝,管乐,竹材,木材,祭祀仪典,岭南,黔南地区,象脚鼓,打击乐,竹材,木材,民间节庆聚会,岭南,黔南地区,木鼓,打击乐,竹材,木材,祭祀仪典,,,,,,,,,,,,,,,,,,
CN-CXN-10,朝鲜族,1702479,16,吉林省,长白山麓,图们江流域,温带季风气候,黑龙江省,东北平原,鸭绿江流域,,辽宁省,,松花江流域,孤立语言(或归阿尔泰),,,,,,谚文,咸镜道移民,吉林延边,咸镜道方言,平安道移民,辽宁地区,平安道方言,,,,,,,,,,吉林省,黑龙江省,辽宁省,大米,,,牛肉,狗肉(传统),猪肉,海产品,大白菜,桔梗,蕨菜,清酒,浊酒(马格利),麦茶,酸辣复合型,3,3,冷面,打糕,辣白菜,大酱汤,狗肉汤,长幼尊卑餐桌动筷顺序,儒家礼教,无绝对食材禁忌,世俗礼仪,长白山区,八作房,木构架四坡顶,防寒保温,木材,火炕,儒教,,,,,,,,,,,,,,,,,,,,,,,,,,,,,长白山,延边地区,竹笛,管乐,竹材,木材,,民间节庆聚会,长白山,延边地区,朝鲜族太平箫,弹拨乐,木材,,婚丧嫁娶,长白山,延边地区,三弦,弹拨乐,木材,丝弦,民间节庆聚会,长白山,延边地区,锣鼓,打击乐,金属铜,,民间节庆聚会,,,,,,,,,,,,,,,,,,
CN-MAN-11,满族,10410585,6,辽宁省,辽东半岛,长白山林区,温带季风气候,河北省,长白山脉,辽河流域,,黑龙江省,东北平原,松嫩平原,阿尔泰语系,汉藏语系,满-通古斯语族,汉语族,满语支,,满文,建州女真后裔,黑龙江黑河,满语,海西女真后裔,东北全境,东北官话,,,,,,,,,,辽宁省,河北省,黑龙江省,水稻,玉米,薯类,猪肉(腊肉为主),鸡鸭,稻田鱼,,辣椒,萝卜,青菜,甜米酒(拦门酒),三道茶(白族),杆杆酒,重酸重辣型,5,5,萨其马,酸汤子,白肉血肠,猪肉炖粉条,饽饽,祭祀肉类需按血缘宗法分配,宗法血缘制度,特定自然物禁忌,自然神信仰,松嫩平原,口袋房,砖木结构,防寒保暖,青砖,万字炕,萨满教,,,,,,,,,,,,,,,,,,,,,,,,,,,,,大兴安岭,黑龙江流域,单面手鼓,打击乐,木材,兽皮,,祭祀仪典,大兴安岭,黑龙江流域,鹿哨,管乐,动物骨角,树皮,民间节庆聚会,东北林海雪原,,树皮号,管乐,动物骨角,树皮,祭祀仪典,,,,,,,,,,,,,,,,,,,,,,,,,
CN-DNG-12,侗族,3495993,12,贵州省,黔湘桂交界中低山区,都柳江,亚热带季风气候,湖南省,,清水江,,广西壮族自治区,,渠江流域,汉藏语系,,壮侗语族,,侗水语支,,侗文,南侗,贵州黎平,南部方言,北侗,湖南新晃,北部方言,,,,,,,,,,贵州省,湖南省,广西壮族自治区,水稻,玉米,薯类,猪肉(腊肉为主),鸡鸭,稻田鱼,,辣椒,萝卜,青菜,甜米酒(拦门酒),三道茶(白族),杆杆酒,重酸重辣型,5,5,牛鳖,酸汤鱼,紫血肉,腌鱼,重阳酒,祭祀肉类需按血缘宗法分配,宗法血缘制度,特定自然物禁忌,自然神信仰,都柳江流域,吊脚楼,穿斗式木构架,防潮防兽,杉木,神龛,自然崇拜,,,,,,,,,,,,,,,,,,,,,,,,,,,,,西南山区,,大歌芦笙,管乐,木材,,,民间节庆聚会,西南山区,,葫芦笙,管乐,竹材,木材,民间节庆聚会,西南山区,,口弦,打击乐,竹材,铜簧,青年传情达意,西南山区,,月琴,弹拨乐,木材,丝弦,祭祀仪典,黔东南,湘西山区,芒筒,管乐,金属铜,,民间节庆聚会,,,,,,,,,,,
CN-YAO-13,瑶族,3309341,13,广西壮族自治区,中高山林区,南岭走廊,亚热带季风气候,湖南省,十万大山,都庞岭,,云南省,,十万大山,汉藏语系,,苗瑶语族,,瑶语支,苗语支,勉文,盘瑶,广西地区,勉语,布努瑶,广西都安,布努语,茶山瑶,广西金秀,拉珈语,,,,,,,广西壮族自治区,湖南省,云南省,水稻,玉米,薯类,猪肉(腊肉为主),鸡鸭,稻田鱼,,辣椒,萝卜,青菜,甜米酒(拦门酒),三道茶(白族),杆杆酒,重酸重辣型,5,5,酸汤鱼,腊肉,五色糯米饭,坨坨肉,剁生,祭祀肉类需按血缘宗法分配,宗法血缘制度,特定自然物禁忌,自然神信仰,广西,干栏式,干栏式木构,防潮散热,杉木,神柱,道教,,,,,,,,,,,,,,,,,,,,,,,,,,,,,广西,,芦笙,管乐,竹材,木材,,民间节庆聚会,广西,,葫芦笙,管乐,竹材,木材,民间节庆聚会,广西,,口弦,打击乐,竹材,铜簧,青年传情达意,广西,,月琴,弹拨乐,木材,丝弦,祭祀仪典,广西,,芒筒,管乐,金属铜,,民间节庆聚会,,,,,,,,,,,
CN-BAI-14,白族,2089069,14,云南省,大理苍山山麓,苍山洱海盆地,亚热带高原季风气候,,洱海盆地,大理坝子,,,,,汉藏语系,,藏缅语族,,白语支(争议，或独立),,老白文,那马人,云南大理,南部方言,勒墨人,云南剑川,中部方言,谷宗人,云南怒江,北部方言,,,,,,,云南省,,,水稻,玉米,薯类,猪肉(腊肉为主),鸡鸭,稻田鱼,,辣椒,萝卜,青菜,甜米酒(拦门酒),三道茶(白族),杆杆酒,重酸重辣型,5,5,酸汤鱼,腊肉,五色糯米饭,坨坨肉,剁生,祭祀肉类需按血缘宗法分配,宗法血缘制度,特定自然物禁忌,自然神信仰,云南省,干栏式,干栏式木构,防潮散热,杉木,神柱,本主崇拜,,,,,,,,,,,,,,,,,,,,,,,,,,,,,云南省,,竹笛,管乐,竹材,木材,,民间节庆聚会,云南省,,唢呐,管乐,金属铜,,婚丧嫁娶,云南省,,白族大三弦,弹拨乐,木材,,民间节庆聚会,云南省,,锣鼓,打击乐,金属铜,,民间节庆聚会,,,,,,,,,,,,,,,,,,
CN-TJZ-15,土家族,8952750,8,湖南省,武陵山区,武陵山腹地,亚热带季风气候,湖北省,乌蒙山区边缘,清江流域,,重庆市,,酉水流域,汉藏语系,,藏缅语族,,土家语支,,无传统文字,毕兹卡,湖南龙山,土家语北部方言,土家族南支,湖南泸溪,土家语南部方言,,,,,,,,,,湖南省,湖北省,重庆市,水稻,玉米,薯类,猪肉(腊肉为主),鸡鸭,稻田鱼,,辣椒,萝卜,青菜,甜米酒(拦门酒),三道茶(白族),杆杆酒,重酸重辣型,5,5,酸汤鱼,腊肉,五色糯米饭,坨坨肉,剁生,祭祀肉类需按血缘宗法分配,宗法血缘制度,特定自然物禁忌,自然神信仰,湖南省,干栏式,干栏式木构,防潮散热,杉木,神柱,祖先崇拜,,,,,,,,,,,,,,,,,,,,,,,,,,,,,湖南省,,竹笛,管乐,竹材,木材,,民间节庆聚会,湖南省,,唢呐,管乐,金属铜,,婚丧嫁娶,湖南省,,三弦,弹拨乐,木材,丝弦,民间节庆聚会,湖南省,,锣鼓,打击乐,金属铜,,民间节庆聚会,,,,,,,,,,,,,,,,,,
CN-HNI-16,哈尼族,1733166,15,云南省,哀牢山,哀牢山梯田区,亚热带,,无量山,无量山区,热带季风气候,,,红河中下游谷地,汉藏语系,,藏缅语族,,彝语支,,哈尼文,哈尼本支,云南红河,哈雅方言,卡多支系,云南墨江,碧卡方言,白宏支系,云南元江,豪白方言,,,,,,,云南省,,,水稻,玉米,薯类,猪肉(腊肉为主),鸡鸭,稻田鱼,,辣椒,萝卜,青菜,甜米酒(拦门酒),三道茶(白族),杆杆酒,重酸重辣型,5,5,酸汤鱼,腊肉,五色糯米饭,坨坨肉,剁生,祭祀肉类需按血缘宗法分配,宗法血缘制度,特定自然物禁忌,自然神信仰,云南省,干栏式,干栏式木构,防潮散热,杉木,神柱,自然崇拜,,,,,,,,,,,,,,,,,,,,,,,,,,,,,西南横断山区,,芦笙,管乐,竹材,木材,,民间节庆聚会,滇南,凉山,葫芦笙,管乐,竹材,木材,民间节庆聚会,滇南,凉山,口弦,打击乐,竹材,铜簧,青年传情达意,西南横断山区,,哈尼族月琴,拉弦乐,木材,,祭祀仪典,西南横断山区,,芒筒,管乐,金属铜,,民间节庆聚会,,,,,,,,,,,
CN-HSK-17,哈萨克族,1562518,18,新疆维吾尔自治区,天山,天山北坡牧场,温带大陆性气候,甘肃省,阿尔泰山,阿尔泰山河谷,,,准噶尔盆地边缘,准噶尔盆地边缘,阿尔泰语系,,突厥语族,,钦察语支,,哈萨克文,克烈部,新疆阿勒泰,东北方言,乃蛮部,新疆伊犁,西南方言,,,,,,,,,,新疆维吾尔自治区,甘肃省,,炒米,馓子,馕,羊肉,牛肉,马肉,骆驼肉,野葱,沙葱,根茎类极少,马奶酒,咸奶茶,砖茶,原味/高脂型,0,0,手把肉,烤全羊,纳仁,马肠子,马奶酒,绝对禁食猪肉、自死物、血液,伊斯兰教清真教规,屠宰必须诵经,伊斯兰教清真教规,阿尔泰山,毡房,木骨架穹庐,防风雪易拆装,羊毛毡,火塘,伊斯兰教,,,,,,,,,,,,,,,,,,,,,,,,,,,,,新疆北部牧区,,冬不拉,拉弦乐,木材,兽皮,马尾,民间节庆聚会,天山,阿尔泰山牧区,冬不拉,弹拨乐,木材,丝弦,民间节庆聚会,天山,阿尔泰山牧区,库姆孜,弹拨乐,木材,丝弦,戏曲说唱伴奏,新疆北部牧区,,托布秀尔,弹拨乐,木材,丝弦,民间节庆聚会,,,,,,,,,,,,,,,,,,
CN-DAI-18,傣族,1329985,19,云南省,低海拔宽谷盆地,西双版纳热带雨林,热带,,,德宏宽谷坝子,亚热带季风气候,,,澜沧江流域,汉藏语系,,壮侗语族,,壮傣语支,,傣仂文,傣仂,云南西双版纳,傣仂语,傣哪,云南德宏,傣哪语,傣端,云南金平,金平傣语,,,,,,,云南省,,,糯米,旱谷,芭蕉芋,猪肉,鸡肉,鱼类,昆虫(蜂蛹/蚂蚱),热带雨林野生植物,竹笋,芭蕉叶,竹筒酒,普洱茶(布朗/茶山),烤茶,重酸重辣型,5,5,竹筒饭,撒撇,酸笋煮鸡,菠萝饭,香茅草烤鱼,特定斋戒期禁忌,南传佛教教规,猎头祭谷相关禁忌,原始农耕祭祀,澜沧江谷地,竹楼,干栏式竹构,防潮散热,竹材,火塘,上座部佛教,,,,,,,,,,,,,,,,,,,,,,,,,,,,,云南边境谷地,,铜鼓,打击乐,金属铜,,,祭祀仪典,云南边境谷地,,傣族葫芦丝,管乐,木材,,祭祀仪典,西双版纳,德宏谷地,象脚鼓,打击乐,竹材,木材,民间节庆聚会,云南边境谷地,,木鼓,打击乐,竹材,木材,祭祀仪典,,,,,,,,,,,,,,,,,,
CN-LIZ-19,黎族,1602104,17,海南省,五指山区,五指山腹地,热带海洋性季风气候,,鹦哥岭,鹦哥岭,,,,海南岛中南部河谷,汉藏语系,,壮侗语族,,黎语支,,黎文,哈黎,海南保亭,哈方言,杞黎,海南陵水,杞方言,润黎,海南白沙,润方言,,,,,,,海南省,,,大米,薯芋,,海鱼,贝类,猪肉,,热带植物,椰子,槟榔,山兰酒,椰汁,,发酵极酸型,0,5,竹筒饭,鱼茶,肉茶,三色饭,,特定图腾动物(如狗/熊)食用禁忌,萨满教/动物图腾崇拜,猛兽食用需特定模仿仪式,萨满教/自然崇拜,五指山区,船形屋,竹木拱形结构,防台风,茅草,中柱,自然崇拜,,,,,,,,,,,,,,,,,,,,,,,,,,,,,海南五指山区,,竹鼻箫,管乐,竹材,木材,,民间节庆聚会,海南五指山区,,唢呐,管乐,金属铜,,婚丧嫁娶,海南五指山区,,三弦,弹拨乐,木材,丝弦,民间节庆聚会,海南五指山区,,锣鼓,打击乐,金属铜,,民间节庆聚会,,,,,,,,,,,,,,,,,,
CN-LSU-20,傈僳族,762996,21,云南省,横断山区,怒江大峡谷,高山峡谷垂直立体气候,四川省,高黎贡山,高黎贡山,,,,金沙江干热河谷,汉藏语系,,藏缅语族,,彝语支,,老傈僳文,黑傈僳,云南怒江,怒江方言,白傈僳,云南禄劝,禄劝方言,,,,,,,,,,云南省,四川省,,水稻,玉米,薯类,猪肉(腊肉为主),鸡鸭,稻田鱼,,辣椒,萝卜,青菜,甜米酒(拦门酒),三道茶(白族),杆杆酒,重酸重辣型,5,5,酸汤鱼,腊肉,五色糯米饭,坨坨肉,剁生,祭祀肉类需按血缘宗法分配,宗法血缘制度,特定自然物禁忌,自然神信仰,云南省,干栏式,干栏式木构,防潮散热,杉木,神柱,自然崇拜,,,,,,,,,,,,,,,,,,,,,,,,,,,,,西南横断山区,,葫芦笙,管乐,竹材,木材,,民间节庆聚会,滇南,凉山,葫芦笙,管乐,竹材,木材,民间节庆聚会,滇南,凉山,口弦,打击乐,竹材,铜簧,青年传情达意,滇南,凉山,月琴,弹拨乐,木材,丝弦,祭祀仪典,西南横断山区,,芒筒,管乐,金属铜,,民间节庆聚会,,,,,,,,,,,
CN-VA-21,佤族,430977,26,云南省,阿佤山区,阿佤山区,亚热带,,,澜沧江高山地带,热带季风气候,,,萨尔温江分水岭,南亚语系,,孟高棉语族,,佤德昂语支,,佤文,巴饶克,云南西盟,巴饶克方言,阿佤,云南沧源,佤方言,,,,,,,,,,云南省,,,糯米,旱谷,芭蕉芋,猪肉,鸡肉,鱼类,昆虫(蜂蛹/蚂蚱),热带雨林野生植物,竹笋,芭蕉叶,竹筒酒,普洱茶(布朗/茶山),烤茶,重酸重辣型,5,5,鸡肉烂饭,牛撒撇,水酒,竹筒饭,,特定斋戒期禁忌,南传佛教教规,猎头祭谷相关禁忌,原始农耕祭祀,云南省,干栏式,干栏式木构,防潮散热,杉木,神柱,自然崇拜,,,,,,,,,,,,,,,,,,,,,,,,,,,,,滇西南山区,,木鼓,打击乐,木材,,,祭祀仪典,滇西南山区,,葫芦丝,管乐,竹材,木材,祭祀仪典,滇西南山区,,象脚鼓,打击乐,竹材,木材,民间节庆聚会,阿佤山区,,木鼓,打击乐,竹材,木材,祭祀仪典,,,,,,,,,,,,,,,,,,
CN-SHE-22,畲族,746385,22,福建省,东南沿海丘陵山地,闽浙赣交界山区,亚热带海洋性季风气候,浙江省,,武夷山脉,,江西省,,雁荡山脉,汉藏语系,,苗瑶语族,汉语族,苗语支,,通用汉字,活聂,广东博罗,畲语炯奈话,山哈,福建地区,畲话客家方言,,,,,,,,,,福建省,浙江省,江西省,水稻,玉米,薯类,猪肉(腊肉为主),鸡鸭,稻田鱼,,辣椒,萝卜,青菜,甜米酒(拦门酒),三道茶(白族),杆杆酒,重酸重辣型,5,5,乌米饭,豆腐娘,管麦竹筒饭,,,祭祀肉类需按血缘宗法分配,宗法血缘制度,特定自然物禁忌,自然神信仰,福建省,干栏式,干栏式木构,防潮散热,杉木,神柱,祖先崇拜,,,,,,,,,,,,,,,,,,,,,,,,,,,,,福建省,,竹笛,管乐,竹材,木材,,民间节庆聚会,福建省,,唢呐,管乐,金属铜,,婚丧嫁娶,福建省,,三弦,弹拨乐,木材,丝弦,民间节庆聚会,福建省,,锣鼓,打击乐,金属铜,,民间节庆聚会,,,,,,,,,,,,,,,,,,
CN-GAO-23,高山族,3479,56,台湾省,台湾中央山脉,台湾中央山脉,热带,福建省,东部沿海平原,阿里山林区,亚热带海洋性季风气候,,,兰屿岛,南岛语系,,台湾南岛语族,,,,拉丁字母拼写,泰雅人,台湾北部山区,泰雅语,排湾人,台湾南部山区,排湾语,阿美人,台湾东部平原,阿美语,,,,,,,台湾省,福建省,,大米,薯芋,,海鱼,贝类,猪肉,,热带植物,椰子,槟榔,山兰酒,椰汁,,发酵极酸型,0,5,竹筒饭,烤山猪肉,阿拜(麻薯),,,特定图腾动物(如狗/熊)食用禁忌,萨满教/动物图腾崇拜,猛兽食用需特定模仿仪式,萨满教/自然崇拜,台湾省,干栏式,干栏式木构,防潮散热,杉木,神柱,自然崇拜,,,,,,,,,,,,,,,,,,,,,,,,,,,,,台湾中央山脉,,鼻笛,管乐,竹材,木材,,民间节庆聚会,台湾中央山脉,,唢呐,管乐,金属铜,,婚丧嫁娶,台湾中央山脉,,三弦,弹拨乐,木材,丝弦,民间节庆聚会,台湾中央山脉,,锣鼓,打击乐,金属铜,,民间节庆聚会,,,,,,,,,,,,,,,,,,
CN-LAH-24,拉祜族,499027,24,云南省,澜沧江流域中低海拔山区,普洱,亚热带,,,临沧山地,热带季风气候,,,,汉藏语系,,藏缅语族,,彝语支,,拉祜文,拉祜纳,云南澜沧,黑拉祜语,拉祜西,云南西盟,黄拉祜语,,,,,,,,,,云南省,,,水稻,玉米,薯类,猪肉(腊肉为主),鸡鸭,稻田鱼,,辣椒,萝卜,青菜,甜米酒(拦门酒),三道茶(白族),杆杆酒,重酸重辣型,5,5,酸汤鱼,腊肉,五色糯米饭,坨坨肉,剁生,祭祀肉类需按血缘宗法分配,宗法血缘制度,特定自然物禁忌,自然神信仰,云南省,干栏式,干栏式木构,防潮散热,杉木,神柱,上座部佛教,,,,,,,,,,,,,,,,,,,,,,,,,,,,,西南横断山区,,竹笛,管乐,竹材,木材,,民间节庆聚会,西南横断山区,,唢呐,管乐,金属铜,,婚丧嫁娶,西南横断山区,,三弦,弹拨乐,木材,丝弦,民间节庆聚会,西南横断山区,,锣鼓,打击乐,金属铜,,民间节庆聚会,,,,,,,,,,,,,,,,,,
CN-SUI-25,水族,495928,25,贵州省,黔南苗岭以南丘陵,都柳江上游,亚热带季风气候,广西壮族自治区,,龙江上游,,,,,汉藏语系,,壮侗语族,,侗水语支,,水书,睢人,贵州三都,三洞土语,水族阳安支,贵州荔波,阳安土语,,,,,,,,,,贵州省,广西壮族自治区,,水稻,玉米,薯类,猪肉(腊肉为主),鸡鸭,稻田鱼,,辣椒,萝卜,青菜,甜米酒(拦门酒),三道茶(白族),杆杆酒,重酸重辣型,5,5,酸汤鱼,腊肉,五色糯米饭,坨坨肉,剁生,祭祀肉类需按血缘宗法分配,宗法血缘制度,特定自然物禁忌,自然神信仰,贵州省,干栏式,干栏式木构,防潮散热,杉木,神柱,自然崇拜,,,,,,,,,,,,,,,,,,,,,,,,,,,,,西南山区,,铜鼓,打击乐,金属铜,,,祭祀仪典,西南山区,,葫芦丝,管乐,竹材,木材,祭祀仪典,西南山区,,象脚鼓,打击乐,竹材,木材,民间节庆聚会,西南山区,,木鼓,打击乐,竹材,木材,祭祀仪典,,,,,,,,,,,,,,,,,,
CN-DXG-26,东乡族,774947,20,甘肃省,陇西黄土高原,陇西黄土高原,温带大陆性半干旱气候,新疆维吾尔自治区,,洮河黄土沟壑区,,,,,阿尔泰语系,,蒙古语族,,,,无传统文字,撒尔塔,甘肃东乡县,锁南汪家集方言,,,,,,,,,,,,,甘肃省,新疆维吾尔自治区,,小麦,大米,,羊肉,牛肉,鸡肉,,洋葱(皮牙子),胡萝卜,番茄,茯茶,砖茶,酸奶(多格),辛香/咸鲜型,2,0,手抓羊肉,油香,馓子,尕面片,,绝对禁食猪肉、自死物、血液,伊斯兰教清真教规,屠宰必须诵经,伊斯兰教清真教规,甘肃省,干栏式,干栏式木构,防潮散热,杉木,神柱,伊斯兰教,,,,,,,,,,,,,,,,,,,,,,,,,,,,,甘肃省,,竹笛,管乐,竹材,木材,,民间节庆聚会,甘肃省,,唢呐,管乐,金属铜,,婚丧嫁娶,甘肃省,,三弦,弹拨乐,木材,丝弦,民间节庆聚会,甘肃省,,锣鼓,打击乐,金属铜,,民间节庆聚会,,,,,,,,,,,,,,,,,,
CN-NAX-27,纳西族,323767,27,云南省,玉龙雪山脚下盆地,丽江坝子,亚热带高原季风气候,四川省,,金沙江干热河谷,,,,泸沽湖畔,汉藏语系,,藏缅语族,,彝语支,,东巴文,纳西本支,云南丽江,西部方言,摩梭人,云南宁蒗,东部方言,,,,,,,,,,云南省,四川省,,水稻,玉米,薯类,猪肉(腊肉为主),鸡鸭,稻田鱼,,辣椒,萝卜,青菜,甜米酒(拦门酒),三道茶(白族),杆杆酒,重酸重辣型,5,5,丽江粑粑,吹肝,米灌肠,琵琶肉,,祭祀肉类需按血缘宗法分配,宗法血缘制度,特定自然物禁忌,自然神信仰,云南省,干栏式,干栏式木构,防潮散热,杉木,神柱,东巴教,,,,,,,,,,,,,,,,,,,,,,,,,,,,,云南省,,竹笛,管乐,竹材,木材,,民间节庆聚会,云南省,,唢呐,管乐,金属铜,,婚丧嫁娶,云南省,,三弦,弹拨乐,木材,丝弦,民间节庆聚会,云南省,,锣鼓,打击乐,金属铜,,民间节庆聚会,,,,,,,,,,,,,,,,,,
CN-JPO-28,景颇族,160471,34,云南省,横断山脉南延中低海拔山区,大盈江流域,热带,,,瑞丽江流域,亚热带季风气候,,,横断山南延中低山,汉藏语系,,藏缅语族,,景颇语支,,景颇文,景颇支系,云南瑞丽,景颇语,载瓦支系,云南芒市,载瓦语,,,,,,,,,,云南省,,,糯米,旱谷,芭蕉芋,猪肉,鸡肉,鱼类,昆虫(蜂蛹/蚂蚱),热带雨林野生植物,竹笋,芭蕉叶,竹筒酒,普洱茶(布朗/茶山),烤茶,重酸重辣型,5,5,绿叶宴,鬼鸡,舂菜,水酒,,特定斋戒期禁忌,南传佛教教规,猎头祭谷相关禁忌,原始农耕祭祀,云南省,干栏式,干栏式木构,防潮散热,杉木,神柱,自然崇拜,,,,,,,,,,,,,,,,,,,,,,,,,,,,,云南省,,竹笛,管乐,竹材,木材,,民间节庆聚会,云南省,,唢呐,管乐,金属铜,,婚丧嫁娶,云南省,,三弦,弹拨乐,木材,丝弦,民间节庆聚会,云南省,,锣鼓,打击乐,金属铜,,民间节庆聚会,,,,,,,,,,,,,,,,,,
CN-KGZ-29,柯尔克孜族,204873,31,新疆维吾尔自治区,帕米尔高原,帕米尔高原牧场,高原高寒气候,黑龙江省,天山南脉,天山南脉,温带干旱气候,,,克孜勒苏河谷,阿尔泰语系,,突厥语族,,钦察语支,,柯尔克孜文,南疆克尔克孜,新疆克孜勒苏,南部方言,北疆克尔克孜,新疆特克斯,北部方言,,,,,,,,,,新疆维吾尔自治区,黑龙江省,,炒米,馓子,馕,羊肉,牛肉,马肉,骆驼肉,野葱,沙葱,根茎类极少,马奶酒,咸奶茶,砖茶,原味/高脂型,0,0,手把肉,马肠子,纳仁,马奶酒,,绝对禁食猪肉、自死物、血液,伊斯兰教清真教规,屠宰必须诵经,伊斯兰教清真教规,新疆,帐篷,木骨架穹庐,防风易迁,木杆(哈那/乌尼),无,伊斯兰教,,,,,,,,,,,,,,,,,,,,,,,,,,,,,新疆北部牧区,,马头琴,拉弦乐,木材,兽皮,马尾,民间节庆聚会,天山,阿尔泰山牧区,冬不拉,弹拨乐,木材,丝弦,民间节庆聚会,天山,阿尔泰山牧区,库姆孜,弹拨乐,木材,丝弦,戏曲说唱伴奏,新疆北部牧区,,托布秀尔,弹拨乐,木材,丝弦,民间节庆聚会,,,,,,,,,,,,,,,,,,
CN-TUZ-30,土族,281928,29,青海省,祁连山脉余脉,湟水谷地,高原温带大陆性气候,甘肃省,青藏高原东北边缘,大通河流域,,,,祁连山余脉,阿尔泰语系,,蒙古语族,,,,土族拼音文字,蒙古尔,青海互助,互助方言,察罕蒙古尔,青海民和,民和方言,,,,,,,,,,青海省,甘肃省,,水稻,玉米,薯类,猪肉(腊肉为主),鸡鸭,稻田鱼,,辣椒,萝卜,青菜,甜米酒(拦门酒),三道茶(白族),杆杆酒,重酸重辣型,5,5,盘肉,焜锅馍,哈力海,青稞酒,,祭祀肉类需按血缘宗法分配,宗法血缘制度,特定自然物禁忌,自然神信仰,青海省,干栏式,干栏式木构,防潮散热,杉木,神柱,藏传佛教,,,,,,,,,,,,,,,,,,,,,,,,,,,,,青海省,,竹笛,管乐,竹材,木材,,民间节庆聚会,青海省,,唢呐,管乐,金属铜,,婚丧嫁娶,青海省,,三弦,弹拨乐,木材,丝弦,民间节庆聚会,青海省,,锣鼓,打击乐,金属铜,,民间节庆聚会,,,,,,,,,,,,,,,,,,
CN-DAW-31,达斡尔族,132299,35,内蒙古自治区,大兴安岭边缘,嫩江流域,温带大陆性季风气候,黑龙江省,森林草原交汇带,雅鲁河流域,,新疆维吾尔自治区,,森林草原交汇带,阿尔泰语系,,蒙古语族,,,,无传统文字,布特哈支系,内蒙古莫力达瓦,布特哈方言,齐齐哈尔支系,黑龙江齐齐哈尔,齐齐哈尔方言,,,,,,,,,,内蒙古自治区,黑龙江省,新疆维吾尔自治区,水稻,玉米,薯类,猪肉(腊肉为主),鸡鸭,稻田鱼,,辣椒,萝卜,青菜,甜米酒(拦门酒),三道茶(白族),杆杆酒,重酸重辣型,5,5,柳蒿芽炖肉,手把肉,燕麦炒面,狍肉,,祭祀肉类需按血缘宗法分配,宗法血缘制度,特定自然物禁忌,自然神信仰,内蒙古,干栏式,干栏式木构,防潮散热,杉木,神柱,萨满教,,,,,,,,,,,,,,,,,,,,,,,,,,,,,东北林海雪原,,竹笛,管乐,竹材,木材,,民间节庆聚会,东北林海雪原,,唢呐,管乐,金属铜,,婚丧嫁娶,东北林海雪原,,三弦,弹拨乐,木材,丝弦,民间节庆聚会,东北林海雪原,,萨满单面抓鼓,管乐,木材,,民间节庆聚会,,,,,,,,,,,,,,,,,,
CN-MUL-32,仫佬族,277233,30,广西壮族自治区,九万大山,罗城武阳江流域,亚热带季风气候,,喀斯特溶岩山区,,,,,,汉藏语系,,壮侗语族,,侗水语支,,无传统文字,木佬人,广西罗城,仫佬语,,,,,,,,,,,,,广西壮族自治区,,,水稻,玉米,薯类,猪肉(腊肉为主),鸡鸭,稻田鱼,,辣椒,萝卜,青菜,甜米酒(拦门酒),三道茶(白族),杆杆酒,重酸重辣型,5,5,酸汤鱼,腊肉,五色糯米饭,坨坨肉,剁生,祭祀肉类需按血缘宗法分配,宗法血缘制度,特定自然物禁忌,自然神信仰,广西,干栏式,干栏式木构,防潮散热,杉木,神柱,道教,,,,,,,,,,,,,,,,,,,,,,,,,,,,,广西,,竹笛,管乐,竹材,木材,,民间节庆聚会,广西,,唢呐,管乐,金属铜,,婚丧嫁娶,广西,,三弦,弹拨乐,木材,丝弦,民间节庆聚会,广西,,锣鼓,打击乐,金属铜,,民间节庆聚会,,,,,,,,,,,,,,,,,,
CN-QIA-33,羌族,312981,28,四川省,岷山山脉,岷江上游的高山深谷,高山峡谷垂直立体气候,,邛崃山区,,,,,,汉藏语系,,藏缅语族,,羌语支,,羌文,尔玛人,四川茂县,北部方言,羌族南支,四川汶川,南部方言,,,,,,,,,,四川省,,,青稞,小麦,荞麦,牦牛肉,藏系绵羊肉,,,圆根,萝卜,极少绿叶菜,酥油茶,甜茶,青稞酒,辛香/咸鲜型,2,0,猪膘肉,洋芋糍粑,酸菜汤,咂酒,,忌食马/驴/骡等奇蹄类及狗肉,藏传佛教/不杀生理念,部分水葬区忌食鱼蛙,地方水葬丧葬习俗,岷江上游峡谷,羌族碉楼,石构高层建筑,防御御寒,石块,白石神龛,自然崇拜,,,,,,,,,,,,,,,,,,,,,,,,,,,,,四川省,,竹笛,管乐,竹材,木材,,民间节庆聚会,四川省,,唢呐,管乐,金属铜,,婚丧嫁娶,四川省,,三弦,弹拨乐,木材,丝弦,民间节庆聚会,四川省,,锣鼓,打击乐,金属铜,,民间节庆聚会,,,,,,,,,,,,,,,,,,
CN-BLA-34,布朗族,127345,36,云南省,中高海拔山区,布朗山古茶山,亚热带季风气候,,,勐海县高山区,,,,,南亚语系,,孟高棉语族,,佤德昂语支,,无传统文字,乌人,云南布朗山,布朗方言,翁人,云南双江,阿尔方言,,,,,,,,,,云南省,,,糯米,旱谷,芭蕉芋,猪肉,鸡肉,鱼类,昆虫(蜂蛹/蚂蚱),热带雨林野生植物,竹笋,芭蕉叶,竹筒酒,普洱茶(布朗/茶山),烤茶,重酸重辣型,5,5,包烧,酸茶,竹筒饭,,,特定斋戒期禁忌,南传佛教教规,猎头祭谷相关禁忌,原始农耕祭祀,云南省,干栏式,干栏式木构,防潮散热,杉木,神柱,上座部佛教,,,,,,,,,,,,,,,,,,,,,,,,,,,,,云南边境谷地,,竹笛,管乐,竹材,木材,,民间节庆聚会,云南边境谷地,,唢呐,管乐,金属铜,,婚丧嫁娶,云南边境谷地,,三弦,弹拨乐,木材,丝弦,民间节庆聚会,云南边境谷地,,傣族象脚鼓,管乐,木材,,民间节庆聚会,,,,,,,,,,,,,,,,,,
CN-SAL-35,撒拉族,165159,33,青海省,青藏高原向黄土高原过渡地带,黄河沿岸循化谷地,高原温带大陆性气候,甘肃省,,青藏向黄土过渡带,,,,,阿尔泰语系,,突厥语族,,乌古斯语支,,无传统文字,撒拉尔,青海循化,街子方言,,,,,,,,,,,,,青海省,甘肃省,,小麦,大米,,羊肉,牛肉,鸡肉,,洋葱(皮牙子),胡萝卜,番茄,茯茶,砖茶,酸奶(多格),辛香/咸鲜型,2,0,手抓羊肉,馓子,油香,碗菜,,绝对禁食猪肉、自死物、血液,伊斯兰教清真教规,屠宰必须诵经,伊斯兰教清真教规,黄河谷地,篱笆楼,木骨泥墙结构,防震保暖,木材,礼拜空间,伊斯兰教,,,,,,,,,,,,,,,,,,,,,,,,,,,,,青海省,,竹笛,管乐,竹材,木材,,民间节庆聚会,青海省,,唢呐,管乐,金属铜,,婚丧嫁娶,青海省,,三弦,弹拨乐,木材,丝弦,民间节庆聚会,青海省,,锣鼓,打击乐,金属铜,,民间节庆聚会,,,,,,,,,,,,,,,,,,
CN-MAO-36,毛南族,124092,37,广西壮族自治区,大石山区,环江县的干旱岩溶地貌区,亚热带季风气候,,喀斯特峰丛洼地,,,,,,汉藏语系,,壮侗语族,,侗水语支,,无传统文字,阿难人,广西环江,毛南语,,,,,,,,,,,,,广西壮族自治区,,,水稻,玉米,薯类,猪肉(腊肉为主),鸡鸭,稻田鱼,,辣椒,萝卜,青菜,甜米酒(拦门酒),三道茶(白族),杆杆酒,重酸重辣型,5,5,酸汤鱼,腊肉,五色糯米饭,坨坨肉,剁生,祭祀肉类需按血缘宗法分配,宗法血缘制度,特定自然物禁忌,自然神信仰,广西,干栏式,干栏式木构,防潮散热,杉木,神柱,道教,,,,,,,,,,,,,,,,,,,,,,,,,,,,,广西,,竹笛,管乐,竹材,木材,,民间节庆聚会,广西,,唢呐,管乐,金属铜,,婚丧嫁娶,广西,,三弦,弹拨乐,木材,丝弦,民间节庆聚会,广西,,锣鼓,打击乐,金属铜,,民间节庆聚会,,,,,,,,,,,,,,,,,,
CN-GLA-37,仡佬族,677521,23,贵州省,黔北喀斯特山区,乌江流域,亚热带季风气候,云南省,,大娄山脉,,广西壮族自治区,,,汉藏语系,,壮侗语族,,仡央语支,,无传统文字,红仡佬,贵州遵义,稿方言,披袍仡佬,贵州安顺,哈方言,,,,,,,,,,贵州省,云南省,广西壮族自治区,水稻,玉米,薯类,猪肉(腊肉为主),鸡鸭,稻田鱼,,辣椒,萝卜,青菜,甜米酒(拦门酒),三道茶(白族),杆杆酒,重酸重辣型,5,5,酸汤鱼,腊肉,五色糯米饭,坨坨肉,剁生,祭祀肉类需按血缘宗法分配,宗法血缘制度,特定自然物禁忌,自然神信仰,贵州省,干栏式,干栏式木构,防潮散热,杉木,神柱,祖先崇拜,,,,,,,,,,,,,,,,,,,,,,,,,,,,,贵州省,,竹笛,管乐,竹材,木材,,民间节庆聚会,贵州省,,唢呐,管乐,金属铜,,婚丧嫁娶,贵州省,,三弦,弹拨乐,木材,丝弦,民间节庆聚会,贵州省,,锣鼓,打击乐,金属铜,,民间节庆聚会,,,,,,,,,,,,,,,,,,
CN-XBE-38,锡伯族,191911,32,新疆维吾尔自治区,伊犁河谷盆地,伊犁河谷察布查尔,温带大陆性气候,辽宁省,辽河平原,辽河平原,温带季风气候,,,,阿尔泰语系,,满-通古斯语族,,满语支,,锡伯文,伊犁锡伯,新疆察布查尔,锡伯语,东北锡伯,辽宁沈阳,东北官话,,,,,,,,,,新疆维吾尔自治区,辽宁省,,水稻,玉米,薯类,猪肉(腊肉为主),鸡鸭,稻田鱼,,辣椒,萝卜,青菜,甜米酒(拦门酒),三道茶(白族),杆杆酒,重酸重辣型,5,5,发面饼,炖鱼,炖肉,奶茶,,祭祀肉类需按血缘宗法分配,宗法血缘制度,特定自然物禁忌,自然神信仰,新疆,干栏式,干栏式木构,防潮散热,杉木,神柱,萨满教,,,,,,,,,,,,,,,,,,,,,,,,,,,,,东北林海雪原,,竹笛,管乐,竹材,木材,,民间节庆聚会,东北林海雪原,,唢呐,管乐,金属铜,,婚丧嫁娶,东北林海雪原,,三弦,弹拨乐,木材,丝弦,民间节庆聚会,东北林海雪原,,萨满单面抓鼓,管乐,木材,,民间节庆聚会,,,,,,,,,,,,,,,,,,
CN-ACH-39,阿昌族,43775,40,云南省,中缅边境中低海拔山区,陇川盆地,热带,,,梁河高山,亚热带季风气候,,,,汉藏语系,,藏缅语族,,缅语支,,无传统文字,蒙撒,云南陇川,陇川方言,汉撒,云南梁河,梁河方言,,,,,,,,,,云南省,,,糯米,旱谷,芭蕉芋,猪肉,鸡肉,鱼类,昆虫(蜂蛹/蚂蚱),热带雨林野生植物,竹笋,芭蕉叶,竹筒酒,普洱茶(布朗/茶山),烤茶,重酸重辣型,5,5,过手米线,酸辣谷花鱼,,,,特定斋戒期禁忌,南传佛教教规,猎头祭谷相关禁忌,原始农耕祭祀,云南省,干栏式,干栏式木构,防潮散热,杉木,神柱,上座部佛教,,,,,,,,,,,,,,,,,,,,,,,,,,,,,云南边境谷地,,竹笛,管乐,竹材,木材,,民间节庆聚会,云南边境谷地,,唢呐,管乐,金属铜,,婚丧嫁娶,云南边境谷地,,三弦,弹拨乐,木材,丝弦,民间节庆聚会,云南边境谷地,,傣族象脚鼓,管乐,木材,,民间节庆聚会,,,,,,,,,,,,,,,,,,
CN-PMI-40,普米族,45012,39,云南省,横断山区,三江并流区,高原高寒与河谷季风立体气候,四川省,,宁蒗高寒山区,,,,,汉藏语系,,藏缅语族,,羌语支,,韩规文,普英米,云南兰坪,南部方言,普日米,四川木里,北部方言,,,,,,,,,,云南省,四川省,,青稞,小麦,荞麦,牦牛肉,藏系绵羊肉,,,圆根,萝卜,极少绿叶菜,酥油茶,甜茶,青稞酒,辛香/咸鲜型,2,0,猪膘肉,烤羊肉,酥油茶,糌粑,,忌食马/驴/骡等奇蹄类及狗肉,藏传佛教/不杀生理念,部分水葬区忌食鱼蛙,地方水葬丧葬习俗,云南省,碉房,石木平顶结构,防御御寒,花岗岩石块,经堂,自然崇拜,,,,,,,,,,,,,,,,,,,,,,,,,,,,,云南省,,竹笛,管乐,竹材,木材,,民间节庆聚会,云南省,,唢呐,管乐,金属铜,,婚丧嫁娶,云南省,,三弦,弹拨乐,木材,丝弦,民间节庆聚会,云南省,,锣鼓,打击乐,金属铜,,民间节庆聚会,,,,,,,,,,,,,,,,,,
CN-TJK-41,塔吉克族,50896,38,新疆维吾尔自治区,极高山谷,帕米尔高原极高海拔区,高原高寒干旱气候,,,慕士塔格峰山谷,,,,,印欧语系,,伊朗语族,,帕米尔语支,,无传统文字,色勒库尔塔吉克,新疆塔什库尔干,色勒库尔语,瓦罕塔吉克,新疆莎车,瓦罕语,,,,,,,,,,新疆维吾尔自治区,,,炒米,馓子,馕,羊肉,牛肉,马肉,骆驼肉,野葱,沙葱,根茎类极少,马奶酒,咸奶茶,砖茶,原味/高脂型,0,0,抓饭,烤肉,奶粥,馕,,绝对禁食猪肉、自死物、血液,伊斯兰教清真教规,屠宰必须诵经,伊斯兰教清真教规,新疆,平顶式,生土平顶结构,防寒保暖,生土(土块/夯土),无,伊斯兰教,,,,,,,,,,,,,,,,,,,,,,,,,,,,,帕米尔高原,,热瓦普,弹拨乐,木材,丝弦,,民间节庆聚会,帕米尔高原,,弹布尔,弹拨乐,木材,丝弦,民间节庆聚会,帕米尔高原,,都塔尔,弹拨乐,木材,丝弦,民间节庆聚会,帕米尔高原,,达卜,弹拨乐,木材,兽皮,民间节庆聚会,帕米尔高原,,鹰笛,弹拨乐,动物骨角,树皮,民间节庆聚会,,,,,,,,,,,
CN-NU-42,怒族,31821,43,云南省,高黎贡山与碧罗雪山之间,怒江大峡谷,高山峡谷垂直立体气候,,,碧罗雪山,,,,高黎贡山,汉藏语系,,藏缅语族,,彝语支,,无传统文字,怒苏,云南福贡,怒苏语,柔若,云南兰坪,柔若语,阿侬,云南贡山,阿侬语,,,,,,,云南省,,,水稻,玉米,薯类,猪肉(腊肉为主),鸡鸭,稻田鱼,,辣椒,萝卜,青菜,甜米酒(拦门酒),三道茶(白族),杆杆酒,重酸重辣型,5,5,石板粑粑,漆油鸡,咕嘟酒,肉拌饭,,祭祀肉类需按血缘宗法分配,宗法血缘制度,特定自然物禁忌,自然神信仰,云南省,干栏式,干栏式木构,防潮散热,杉木,神柱,自然崇拜,,,,,,,,,,,,,,,,,,,,,,,,,,,,,云南省,,竹笛,管乐,竹材,木材,,民间节庆聚会,云南省,,唢呐,管乐,金属铜,,婚丧嫁娶,云南省,,三弦,弹拨乐,木材,丝弦,民间节庆聚会,云南省,,锣鼓,打击乐,金属铜,,民间节庆聚会,,,,,,,,,,,,,,,,,,
CN-UZB-43,乌孜别克族,12742,49,新疆维吾尔自治区,盆地边缘绿洲,塔里木盆地绿洲城市,温带极端干旱气候,,,准噶尔盆地绿洲,,,,,阿尔泰语系,,突厥语族,,葛逻禄语支,,乌孜别克文,新疆乌孜别克,新疆喀什,乌孜别克语,,,,,,,,,,,,,新疆维吾尔自治区,,,小麦,大米,,羊肉,牛肉,鸡肉,,洋葱(皮牙子),胡萝卜,番茄,茯茶,砖茶,酸奶(多格),辛香/咸鲜型,2,0,抓饭,烤肉串,馕,薄皮包子,纳仁,绝对禁食猪肉、自死物、血液,伊斯兰教清真教规,屠宰必须诵经,伊斯兰教清真教规,新疆,平顶式,生土平顶结构,防寒保暖,生土(土块/夯土),无,伊斯兰教,,,,,,,,,,,,,,,,,,,,,,,,,,,,,南疆绿洲,喀什,热瓦普,弹拨乐,木材,丝弦,,民间节庆聚会,吐鲁番,哈密盆地,弹布尔,弹拨乐,木材,丝弦,民间节庆聚会,吐鲁番,哈密盆地,都塔尔,弹拨乐,木材,丝弦,民间节庆聚会,南疆绿洲,喀什,达卜,弹拨乐,木材,兽皮,民间节庆聚会,新疆绿洲,,鹰笛,弹拨乐,动物骨角,树皮,民间节庆聚会,,,,,,,,,,,
CN-ELS-44,俄罗斯族,16136,47,新疆维吾尔自治区,边境河谷与平原,额尔古纳河流域,温带大陆性气候,内蒙古自治区,,伊犁河谷,亚寒带气候,黑龙江省,,边境平原,印欧语系,,斯拉夫语族,,东斯拉夫语支,,俄文,新疆俄罗斯人,新疆伊犁,俄语西伯利亚方言,,,,,,,,,,,,,新疆维吾尔自治区,内蒙古自治区,黑龙江省,水稻,玉米,薯类,猪肉(腊肉为主),鸡鸭,稻田鱼,,辣椒,萝卜,青菜,甜米酒(拦门酒),三道茶(白族),杆杆酒,重酸重辣型,5,5,大列巴,罗宋汤,红肠,鱼子酱,格瓦斯,祭祀肉类需按血缘宗法分配,宗法血缘制度,特定自然物禁忌,自然神信仰,新疆,干栏式,干栏式木构,防潮散热,杉木,神柱,东正教,,,,,,,,,,,,,,,,,,,,,,,,,,,,,新疆,,竹笛,管乐,竹材,木材,,民间节庆聚会,新疆,,唢呐,管乐,金属铜,,婚丧嫁娶,新疆,,三弦,弹拨乐,木材,丝弦,民间节庆聚会,新疆,,锣鼓,打击乐,金属铜,,民间节庆聚会,,,,,,,,,,,,,,,,,,
CN-EWK-45,鄂温克族,34617,41,内蒙古自治区,亚寒带针叶林,大兴安岭密林,温带大陆性,黑龙江省,草原,呼伦贝尔草原,亚寒带气候,,,,阿尔泰语系,,满-通古斯语族,,通古斯语支,,无传统文字,索伦部,内蒙古海拉尔,海拉尔方言,通古斯部,内蒙古陈巴尔虎旗,陈巴尔虎方言,雅库特部,内蒙古根河,辉河方言,,,,,,,内蒙古自治区,黑龙江省,,极少农作物,近代引入面食,,狍子肉,鹿肉,熊肉,鳇鱼/鲟鱼(赫哲),野生菌类,野果,浆果,桦树汁,烈性白酒(近代),,原汁极鲜型,0,0,驯鹿肉,手把肉,柳蒿芽,烤熊肉,,特定图腾动物(如狗/熊)食用禁忌,萨满教/动物图腾崇拜,猛兽食用需特定模仿仪式,萨满教/自然崇拜,内蒙古,圆锥形简易帐篷,木构架,防寒保暖,白桦树皮,火塘,萨满教,,,,,,,,,,,,,,,,,,,,,,,,,,,,,大兴安岭,黑龙江流域,单面手鼓,打击乐,木材,兽皮,,祭祀仪典,大兴安岭,黑龙江流域,鹿哨,管乐,动物骨角,树皮,民间节庆聚会,东北林海雪原,,树皮号,管乐,动物骨角,树皮,祭祀仪典,,,,,,,,,,,,,,,,,,,,,,,,,
CN-DNG-46,德昂族,22354,46,云南省,中缅边境中低海拔山区,德宏亚热带山林,热带,,,临沧高山区,亚热带季风气候,,,,南亚语系,,孟高棉语族,,佤德昂语支,,无传统文字,红德昂,云南潞西,布雷方言,花德昂,云南镇康,梁方言,黑德昂,云南瑞丽,汝买方言,,,,,,,云南省,,,糯米,旱谷,芭蕉芋,猪肉,鸡肉,鱼类,昆虫(蜂蛹/蚂蚱),热带雨林野生植物,竹笋,芭蕉叶,竹筒酒,普洱茶(布朗/茶山),烤茶,重酸重辣型,5,5,酸茶,酸笋,竹筒饭,,,特定斋戒期禁忌,南传佛教教规,猎头祭谷相关禁忌,原始农耕祭祀,云南省,干栏式,干栏式木构,防潮散热,杉木,神柱,上座部佛教,,,,,,,,,,,,,,,,,,,,,,,,,,,,,云南边境谷地,,竹笛,管乐,竹材,木材,,民间节庆聚会,云南边境谷地,,唢呐,管乐,金属铜,,婚丧嫁娶,云南边境谷地,,三弦,弹拨乐,木材,丝弦,民间节庆聚会,云南边境谷地,,傣族象脚鼓,管乐,木材,,民间节庆聚会,,,,,,,,,,,,,,,,,,
CN-BAO-47,保安族,24434,45,甘肃省,青藏高原与黄土高原交汇带,积石山麓,温带大陆性半干旱气候,,,黄河上游谷地,,,,,阿尔泰语系,,蒙古语族,,,,无传统文字,大河家保安,甘肃积石山,保安语大河家方言,,,,,,,,,,,,,甘肃省,,,小麦,大米,,羊肉,牛肉,鸡肉,,洋葱(皮牙子),胡萝卜,番茄,茯茶,砖茶,酸奶(多格),辛香/咸鲜型,2,0,手抓羊肉,保安腰刀肉,油香,,,绝对禁食猪肉、自死物、血液,伊斯兰教清真教规,屠宰必须诵经,伊斯兰教清真教规,甘肃省,干栏式,干栏式木构,防潮散热,杉木,神柱,伊斯兰教,,,,,,,,,,,,,,,,,,,,,,,,,,,,,甘肃省,,竹笛,管乐,竹材,木材,,民间节庆聚会,甘肃省,,唢呐,管乐,金属铜,,婚丧嫁娶,甘肃省,,三弦,弹拨乐,木材,丝弦,民间节庆聚会,甘肃省,,锣鼓,打击乐,金属铜,,民间节庆聚会,,,,,,,,,,,,,,,,,,
CN-YGU-48,裕固族,14706,48,甘肃省,祁连山北麓,祁连山北麓,温带大陆性半干旱,,,河西走廊雪山带,高寒气候,,,荒漠草原交汇带,阿尔泰语系,,突厥语族,蒙古语族,,,无传统文字,撒里畏吾尔,甘肃肃南西部,西部裕固语,恩格尔,甘肃肃南东部,东部裕固语,,,,,,,,,,甘肃省,,,水稻,玉米,薯类,猪肉(腊肉为主),鸡鸭,稻田鱼,,辣椒,萝卜,青菜,甜米酒(拦门酒),三道茶(白族),杆杆酒,重酸重辣型,5,5,手抓羊肉,酥油茶,曲拉,面条,,祭祀肉类需按血缘宗法分配,宗法血缘制度,特定自然物禁忌,自然神信仰,甘肃省,干栏式,干栏式木构,防潮散热,杉木,神柱,藏传佛教,,,,,,,,,,,,,,,,,,,,,,,,,,,,,甘肃省,,竹笛,管乐,竹材,木材,,民间节庆聚会,甘肃省,,唢呐,管乐,金属铜,,婚丧嫁娶,甘肃省,,三弦,弹拨乐,木材,丝弦,民间节庆聚会,甘肃省,,锣鼓,打击乐,金属铜,,民间节庆聚会,,,,,,,,,,,,,,,,,,
CN-JIN-49,京族,33112,42,广西壮族自治区,沿海岛屿,北部湾沿海三岛,亚热带海洋性季风气候,,,防城港市㵐尾/巫头/山心,,,,,南亚语系,,越芒语族,,越语支,,喃字,越人,广西东兴,京语,,,,,,,,,,,,,广西壮族自治区,,,大米,薯芋,,海鱼,贝类,猪肉,,热带植物,椰子,槟榔,山兰酒,椰汁,,发酵极酸型,0,5,鱼露,米粉,海鲜粥,,,特定图腾动物(如狗/熊)食用禁忌,萨满教/动物图腾崇拜,猛兽食用需特定模仿仪式,萨满教/自然崇拜,广西,干栏式,干栏式木构,防潮散热,杉木,神柱,道教,,,,,,,,,,,,,,,,,,,,,,,,,,,,,广西,,竹笛,管乐,竹材,木材,,民间节庆聚会,广西,,唢呐,管乐,金属铜,,婚丧嫁娶,广西,,三弦,弹拨乐,木材,丝弦,民间节庆聚会,广西,,锣鼓,打击乐,金属铜,,民间节庆聚会,,,,,,,,,,,,,,,,,,
CN-TAT-50,塔塔尔族,3544,55,新疆维吾尔自治区,天山北部绿洲城市,天山北部绿洲城市,温带大陆性干旱气候,,,伊宁/塔城/乌鲁木齐,,,,,阿尔泰语系,,突厥语族,,钦察语支,,塔塔尔文,新疆塔塔尔,新疆伊宁,塔塔尔语,,,,,,,,,,,,,新疆维吾尔自治区,,,小麦,大米,,羊肉,牛肉,鸡肉,,洋葱(皮牙子),胡萝卜,番茄,茯茶,砖茶,酸奶(多格),辛香/咸鲜型,2,0,古拜底埃,伊特白里西,抓饭,馕,,绝对禁食猪肉、自死物、血液,伊斯兰教清真教规,屠宰必须诵经,伊斯兰教清真教规,新疆,干栏式,干栏式木构,防潮散热,杉木,神柱,伊斯兰教,,,,,,,,,,,,,,,,,,,,,,,,,,,,,新疆,,竹笛,管乐,竹材,木材,,民间节庆聚会,新疆,,唢呐,管乐,金属铜,,婚丧嫁娶,新疆,,三弦,弹拨乐,木材,丝弦,民间节庆聚会,新疆,,锣鼓,打击乐,金属铜,,民间节庆聚会,,,,,,,,,,,,,,,,,,
CN-DRU-51,独龙族,7310,52,云南省,高黎贡山以西的高山峡谷,独龙江封闭峡谷,亚热带高山峡谷季风气候,,,高黎贡山西坡,,,,,汉藏语系,,藏缅语族,,景颇语支(或独立),,独龙文,俅人,云南贡山,独龙语,,,,,,,,,,,,,云南省,,,水稻,玉米,薯类,猪肉(腊肉为主),鸡鸭,稻田鱼,,辣椒,萝卜,青菜,甜米酒(拦门酒),三道茶(白族),杆杆酒,重酸重辣型,5,5,漆油鸡,石板粑粑,打茶,,,祭祀肉类需按血缘宗法分配,宗法血缘制度,特定自然物禁忌,自然神信仰,云南省,干栏式,干栏式木构,防潮散热,杉木,神柱,自然崇拜,,,,,,,,,,,,,,,,,,,,,,,,,,,,,云南省,,竹笛,管乐,竹材,木材,,民间节庆聚会,云南省,,唢呐,管乐,金属铜,,婚丧嫁娶,云南省,,三弦,弹拨乐,木材,丝弦,民间节庆聚会,云南省,,锣鼓,打击乐,金属铜,,民间节庆聚会,,,,,,,,,,,,,,,,,,
CN-ORQ-52,鄂伦春族,9168,51,内蒙古自治区,大,大小兴安岭深处,亚寒带大陆性季风气候,黑龙江省,小兴安岭,亚寒带针叶林区,,,,,阿尔泰语系,,满-通古斯语族,,通古斯语支,,无传统文字,摩伦春,内蒙古鄂伦春旗,毕拉尔方言,兴安鄂伦春,黑龙江呼玛,库玛尔方言,,,,,,,,,,内蒙古自治区,黑龙江省,,极少农作物,近代引入面食,,狍子肉,鹿肉,熊肉,鳇鱼/鲟鱼(赫哲),野生菌类,野果,浆果,桦树汁,烈性白酒(近代),,原汁极鲜型,0,0,手把肉,烤兽肉,桦树汁,老山芹,,特定图腾动物(如狗/熊)食用禁忌,萨满教/动物图腾崇拜,猛兽食用需特定模仿仪式,萨满教/自然崇拜,大兴安岭,仙人柱,木骨架圆锥,御寒易迁,树皮,火塘,萨满教,,,,,,,,,,,,,,,,,,,,,,,,,,,,,大兴安岭,黑龙江流域,单面手鼓,打击乐,木材,兽皮,,祭祀仪典,大兴安岭,黑龙江流域,鹿哨,管乐,动物骨角,树皮,民间节庆聚会,东北林海雪原,,树皮号,管乐,动物骨角,树皮,祭祀仪典,,,,,,,,,,,,,,,,,,,,,,,,,
CN-HEZ-53,赫哲族,5373,53,黑龙江省,三江平原,三江平原交汇处,温带大陆性季风气候,,,黑龙江流域,,,,乌苏里江流域,阿尔泰语系,,满-通古斯语族,,通古斯语支,,无传统文字,那乃人,黑龙江同江,那乃方言,黑斤人,黑龙江抚远,基利方言,,,,,,,,,,黑龙江省,,,极少农作物,近代引入面食,,狍子肉,鹿肉,熊肉,鳇鱼/鲟鱼(赫哲),野生菌类,野果,浆果,桦树汁,烈性白酒(近代),,原汁极鲜型,0,0,塔拉哈(杀生鱼),刨花鱼,飞龙汤,鲟鳇鱼子,,特定图腾动物(如狗/熊)食用禁忌,萨满教/动物图腾崇拜,猛兽食用需特定模仿仪式,萨满教/自然崇拜,三江平原,仙人柱,木骨架圆锥,御寒易迁,兽皮,火塘,萨满教,黑龙江沿岸,地窨子,半地穴结构,防寒保温,泥土,火炕,萨满教,,,,,,,,,,,,,,,,,,,,,,大兴安岭,黑龙江流域,单面手鼓,打击乐,木材,兽皮,,祭祀仪典,大兴安岭,黑龙江流域,鹿哨,管乐,动物骨角,树皮,民间节庆聚会,东北林海雪原,,树皮号,管乐,动物骨角,树皮,祭祀仪典,,,,,,,,,,,,,,,,,,,,,,,,,
CN-MBA-54,门巴族,11143,50,西藏自治区,喜马拉雅山南坡,墨脱原始森林,热带,,,喜马拉雅山南坡,亚热带高山峡谷气候,,,错那峡谷,汉藏语系,,藏缅语族,,藏语支,,无传统文字,错那门巴,西藏错那,错那门巴语,墨脱门巴,西藏墨脱,墨脱门巴语,,,,,,,,,,西藏自治区,,,青稞,小麦,荞麦,牦牛肉,藏系绵羊肉,,,圆根,萝卜,极少绿叶菜,酥油茶,甜茶,青稞酒,辛香/咸鲜型,2,0,荞麦饼,玉米酒,奶渣,奶饼,,忌食马/驴/骡等奇蹄类及狗肉,藏传佛教/不杀生理念,部分水葬区忌食鱼蛙,地方水葬丧葬习俗,西藏,碉房,石木平顶结构,防寒保暖,花岗岩石块,经堂,藏传佛教,,,,,,,,,,,,,,,,,,,,,,,,,,,,,西藏,,扎木聂,弹拨乐,木材,丝弦,,祭祀仪典,西藏,,筒钦,管乐,金属铜,,民间节庆聚会,西藏,,达玛如,打击乐,木材,兽皮,民间节庆聚会,西藏,,冈洞,管乐,动物骨角,树皮,祭祀仪典,,,,,,,,,,,,,,,,,,
CN-LBA-55,珞巴族,4237,54,西藏自治区,喜马拉雅山南坡,洛瑜地区原始森林,热带,,,喜马拉雅山南坡,亚热带高山峡谷气候,,,高山峡谷,汉藏语系,,藏缅语族,,藏语支(或独立),,无传统文字,博嘎尔部落,西藏米林,博嘎尔语,苏龙部落,西藏隆子,苏龙语,,,,,,,,,,西藏自治区,,,青稞,小麦,荞麦,牦牛肉,藏系绵羊肉,,,圆根,萝卜,极少绿叶菜,酥油茶,甜茶,青稞酒,辛香/咸鲜型,2,0,烤肉,玉米酒,干肉,酥油茶,,忌食马/驴/骡等奇蹄类及狗肉,藏传佛教/不杀生理念,部分水葬区忌食鱼蛙,地方水葬丧葬习俗,西藏,干栏式,干栏式木构,防潮散热,杉木,神柱,自然崇拜,,,,,,,,,,,,,,,,,,,,,,,,,,,,,西藏,,扎木聂,弹拨乐,木材,丝弦,,祭祀仪典,西藏,,筒钦,管乐,金属铜,,民间节庆聚会,西藏,,达玛如,打击乐,木材,兽皮,民间节庆聚会,西藏,,冈洞,管乐,动物骨角,树皮,祭祀仪典,,,,,,,,,,,,,,,,,,
CN-JNO-56,基诺族,26025,44,云南省,横断山脉余脉中低山,基诺山热带雨林,热带季风气候,,,景洪市中低山,,,,,汉藏语系,,藏缅语族,,彝语支,,无传统文字,攸乐人,云南景洪,攸乐方言,,,,,,,,,,,,,云南省,,,糯米,旱谷,芭蕉芋,猪肉,鸡肉,鱼类,昆虫(蜂蛹/蚂蚱),热带雨林野生植物,竹笋,芭蕉叶,竹筒酒,普洱茶(布朗/茶山),烤茶,重酸重辣型,5,5,包烧,凉拌茶,竹筒肉,,,特定斋戒期禁忌,南传佛教教规,猎头祭谷相关禁忌,原始农耕祭祀,云南省,干栏式,干栏式木构,防潮散热,杉木,神柱,自然崇拜,,,,,,,,,,,,,,,,,,,,,,,,,,,,,云南省,,竹笛,管乐,竹材,木材,,民间节庆聚会,云南省,,唢呐,管乐,金属铜,,婚丧嫁娶,云南省,,三弦,弹拨乐,木材,丝弦,民间节庆聚会,云南省,,佤族木鼓,管乐,木材,,民间节庆聚会,,,,,,,,,,,,,,,,,,
